"ID","gender","height","weight","phys"
"ID1","Male",169.44,66.92,"Intense"
"ID2","Female",169.45,61.23,"Intense"
"ID3","Female",168.64,54.72,"Moderate"
"ID4","Male",178.75,79.03,"Moderate"
"ID5","Female",163.49,73.4,"Moderate"
"ID6","Female",170.56,73.39,"None"
"ID7","Female",171.79,67.62,"Moderate"
"ID8","Male",179.02,60.18,"Intense"
"ID9","Male",176.12,81.5,"Intense"
"ID10","Female",170.73,57.96,"Moderate"
"ID11","Female",161.56,49.52,"None"
"ID12","Female",166.36,57.05,"Intense"
"ID13","Male",177.23,92.26,"None"
"ID14","Female",167.97,60.24,"Moderate"
"ID15","Female",176.07,89.85,"Intense"
"ID16","Female",168.51,62.1,"Moderate"
"ID17","Female",166.2,76.59,"Intense"
"ID18","Male",179.48,73.89,"Intense"
"ID19","Female",168.4,46.89,"Moderate"
"ID20","Male",185.52,93.4,"Moderate"
"ID21","Female",166.61,62.77,"None"
"ID22","Male",178.44,94.73,"Moderate"
"ID23","Male",175.63,79.25,"None"
"ID24","Female",170.94,56.52,"Moderate"
"ID25","Male",175.82,73.12,"Moderate"
"ID26","Male",182.64,77.84,"Moderate"
"ID27","Male",180.56,66.03,"Moderate"
"ID28","Female",170.2,56.26,"Moderate"
"ID29","Female",172.83,76.2,"Intense"
"ID30","Female",162.44,72.49,"Intense"
"ID31","Female",169.11,50.95,"Moderate"
"ID32","Female",166.71,66.98,"Moderate"
"ID33","Male",172.39,69.52,"Moderate"
"ID34","Female",165.75,54.28,"Intense"
"ID35","Female",163.94,48.7,"Intense"
"ID36","Female",172.54,73.91,"Moderate"
"ID37","Female",162.23,57.5,"Intense"
"ID38","Male",177.88,75.29,"None"
"ID39","Female",165.22,53.97,"Moderate"
"ID40","Female",172.01,52.92,"Moderate"
"ID41","Male",173.9,68.74,"Intense"
"ID42","Female",174.86,72.94,"None"
"ID43","Male",181.27,71.21,"Moderate"
"ID44","Male",178.68,70.57,"Intense"
"ID45","Male",178.15,65.63,"Moderate"
"ID46","Male",182.31,78.85,"None"
"ID47","Female",171.11,64.38,"Intense"
"ID48","Male",173.69,80.69,"Intense"
"ID49","Male",178.76,80.29,"Moderate"
"ID50","Male",184.33,91.59,"Moderate"
"ID51","Female",171.15,97.77,"Moderate"
"ID52","Female",161.49,58.46,"Moderate"
"ID53","Female",173.8,73.36,"None"
"ID54","Female",164.12,49.89,"None"
"ID55","Male",173.91,54.29,"Moderate"
"ID56","Male",181.36,70.54,"Moderate"
"ID57","Female",170.52,65.58,"None"
"ID58","Female",171.52,58.07,"Moderate"
"ID59","Male",172.92,70.51,"None"
"ID60","Female",163.48,64.11,"Intense"
"ID61","Male",170.41,71.08,"Moderate"
"ID62","Female",169.06,84.39,"Moderate"
"ID63","Male",175.18,59.01,"Intense"
"ID64","Female",168.36,73.28,"Moderate"
"ID65","Male",177.02,75.78,"Moderate"
"ID66","Male",169.55,63.32,"Intense"
"ID67","Male",175.66,62.4,"None"
"ID68","Male",175.93,73.97,"Intense"
"ID69","Male",180.06,86.4,"Intense"
"ID70","Female",170.96,81.13,"Intense"
"ID71","Female",170.5,70.4,"Moderate"
"ID72","Female",165.55,56.59,"Intense"
"ID73","Male",179.6,61.8,"Moderate"
"ID74","Male",182.65,53.55,"Moderate"
"ID75","Female",163.68,62.54,"Moderate"
"ID76","Male",173.94,68.85,"Moderate"
"ID77","Female",174.06,64.35,"None"
"ID78","Female",162.23,71.24,"Moderate"
"ID79","Female",170.65,71.33,"Moderate"
"ID80","Male",179.12,77.68,"None"
"ID81","Male",176.38,76.67,"Moderate"
"ID82","Female",170.46,72.84,"Moderate"
"ID83","Female",165.48,60.62,"Intense"
"ID84","Female",169.22,61.4,"Intense"
"ID85","Male",179.07,85.78,"Moderate"
"ID86","Female",171.34,65.66,"Intense"
"ID87","Female",164.84,63.64,"Moderate"
"ID88","Female",163.63,69.5,"Moderate"
"ID89","Male",176.8,76.67,"Intense"
"ID90","Male",179.97,69.23,"None"
"ID91","Female",161.79,71.07,"Moderate"
"ID92","Male",171.7,64.91,"None"
"ID93","Female",162.86,57.24,"Intense"
"ID94","Female",169.26,58.1,"Intense"
"ID95","Male",175.26,77.92,"Moderate"
"ID96","Male",177.11,74.29,"Moderate"
"ID97","Female",177.47,76.72,"Moderate"
"ID98","Female",176.68,54.38,"None"
"ID99","Female",165.43,66.16,"Intense"
"ID100","Male",182.85,62.68,"Intense"
"ID101","Male",176.33,69.83,"None"
"ID102","Male",178.66,78.19,"None"
"ID103","Female",169.51,71.28,"Moderate"
"ID104","Female",172.1,63.84,"Moderate"
"ID105","Male",172.02,66.94,"None"
"ID106","Male",173.4,77.04,"Moderate"
"ID107","Male",169.91,55.62,"Moderate"
"ID108","Female",168.67,53.92,"Intense"
"ID109","Female",168.16,73.67,"Moderate"
"ID110","Female",167.69,49.28,"Intense"
"ID111","Male",178.7,69.25,"Moderate"
"ID112","Female",170.29,54.7,"Moderate"
"ID113","Male",181.77,57.93,"Intense"
"ID114","Female",172.4,61.27,"None"
"ID115","Male",171.23,62.45,"Moderate"
"ID116","Male",175.15,82.47,"Intense"
"ID117","Female",170.01,76.53,"Intense"
"ID118","Male",181.93,78.32,"Moderate"
"ID119","Female",166.43,56.61,"Intense"
"ID120","Female",161.92,70.83,"Moderate"
"ID121","Female",168.72,54.18,"None"
"ID122","Male",183.5,73.69,"Moderate"
"ID123","Male",175.6,68.02,"Moderate"
"ID124","Female",164.36,51.89,"Moderate"
"ID125","Male",179.62,82.06,"Moderate"
"ID126","Female",164.97,49.8,"Moderate"
"ID127","Female",169.22,53.4,"None"
"ID128","Male",184.32,88.13,"None"
"ID129","Female",173.05,72.2,"Moderate"
"ID130","Female",168.8,67.02,"None"
"ID131","Male",168.49,62.96,"Intense"
"ID132","Male",175.46,71.23,"None"
"ID133","Female",164.82,75.28,"Moderate"
"ID134","Male",177.56,65.91,"None"
"ID135","Male",170.51,63.14,"None"
"ID136","Male",177.68,73.4,"Intense"
"ID137","Male",176.73,85.46,"Intense"
"ID138","Male",178.47,85.35,"Moderate"
"ID139","Male",180.13,71.12,"Moderate"
"ID140","Female",168.17,56.76,"Moderate"
"ID141","Female",173.99,66.09,"Moderate"
"ID142","Female",171.47,71.31,"Intense"
"ID143","Male",180.41,75.81,"Moderate"
"ID144","Male",172.28,70.35,"Intense"
"ID145","Female",171.19,67.37,"Intense"
"ID146","Male",176.05,51.84,"None"
"ID147","Female",162.18,61.36,"None"
"ID148","Female",166.07,54.21,"None"
"ID149","Female",173.97,68.6,"Intense"
"ID150","Female",170.65,65.72,"Intense"
"ID151","Male",172.24,59.28,"Moderate"
"ID152","Male",180.13,80.45,"Intense"
"ID153","Female",160.86,59.85,"Moderate"
"ID154","Female",164.31,65.02,"None"
"ID155","Male",177.3,73.59,"Moderate"
"ID156","Male",175.86,54.79,"Intense"
"ID157","Male",178.4,79.15,"Intense"
"ID158","Male",173.92,67.31,"Moderate"
"ID159","Female",167.09,64.99,"Moderate"
"ID160","Male",184.01,78.11,"Moderate"
"ID161","Female",163.71,52.14,"Intense"
"ID162","Female",170.98,67.86,"Intense"
"ID163","Male",173.13,74.06,"Moderate"
"ID164","Female",165.08,76.38,"None"
"ID165","Female",171.77,74.97,"Moderate"
"ID166","Female",167.87,57.58,"None"
"ID167","Male",181.09,75.87,"Intense"
"ID168","Female",165.54,61.16,"Moderate"
"ID169","Female",165.34,51.95,"Moderate"
"ID170","Male",177.28,72.12,"None"
"ID171","Male",172.11,68.27,"None"
"ID172","Female",166.53,69.01,"None"
"ID173","Male",176.41,73.06,"Moderate"
"ID174","Male",177.32,86.4,"None"
"ID175","Male",169.14,79.83,"Moderate"
"ID176","Male",182.03,63.69,"None"
"ID177","Female",167.64,62.54,"Moderate"
"ID178","Female",170.8,75.49,"None"
"ID179","Female",160.56,63.48,"Moderate"
"ID180","Female",172.41,78.45,"None"
"ID181","Male",178.91,69.28,"None"
"ID182","Male",175.56,61.2,"Intense"
"ID183","Female",170.64,56.73,"Moderate"
"ID184","Female",169.65,59.17,"Intense"
"ID185","Female",161.57,57.58,"None"
"ID186","Female",164.78,66.92,"Moderate"
"ID187","Male",177.92,67.24,"Moderate"
"ID188","Female",163.68,47.31,"Moderate"
"ID189","Male",174.31,84.99,"Moderate"
"ID190","Female",170.74,63.75,"Moderate"
"ID191","Male",179.2,81.71,"Intense"
"ID192","Male",174.55,76.87,"Moderate"
"ID193","Male",174.76,69.36,"Intense"
"ID194","Female",175.54,94.01,"Moderate"
"ID195","Female",162.12,64.13,"None"
"ID196","Female",167.11,59.83,"Moderate"
"ID197","Female",171.77,74.81,"Intense"
"ID198","Male",175.67,61.87,"None"
"ID199","Male",179.08,77.67,"Intense"
"ID200","Female",170.26,65.17,"Moderate"
"ID201","Female",163.74,69.72,"Intense"
"ID202","Female",173.81,72.88,"Moderate"
"ID203","Female",162.22,60.86,"Intense"
"ID204","Male",182.42,76.94,"Moderate"
"ID205","Male",176,69.08,"Moderate"
"ID206","Female",164.98,66.76,"Intense"
"ID207","Male",173.69,65.24,"Moderate"
"ID208","Male",175.5,71,"Moderate"
"ID209","Male",181.36,67.35,"Intense"
"ID210","Female",172.2,68.84,"Moderate"
"ID211","Male",177.69,76.02,"Moderate"
"ID212","Female",170.85,57.66,"None"
"ID213","Male",172.48,63.41,"None"
"ID214","Female",164.4,59.31,"Intense"
"ID215","Female",167.92,60.48,"Moderate"
"ID216","Female",173.08,61.78,"Moderate"
"ID217","Female",168.47,72.53,"Moderate"
"ID218","Female",166.88,51.84,"None"
"ID219","Female",169.64,62.53,"Moderate"
"ID220","Male",171.48,68.22,"None"
"ID221","Female",169.99,80.93,"Moderate"
"ID222","Male",170.84,67.61,"None"
"ID223","Male",177.09,63.61,"None"
"ID224","Male",185.14,88.95,"Moderate"
"ID225","Male",177.33,71.97,"Moderate"
"ID226","Male",181.24,76.05,"Intense"
"ID227","Female",158.22,50.62,"Moderate"
"ID228","Male",170.19,63.56,"Moderate"
"ID229","Female",164.55,49.73,"Intense"
"ID230","Female",169.51,50.74,"Intense"
"ID231","Male",182.43,84.44,"None"
"ID232","Female",175.13,68.9,"Moderate"
"ID233","Male",180.1,76.9,"Intense"
"ID234","Female",169.97,82.11,"None"
"ID235","Female",169.17,45.4,"Moderate"
"ID236","Female",170.29,56.24,"None"
"ID237","Male",171.84,67.25,"Intense"
"ID238","Female",167.14,63.21,"Intense"
"ID239","Female",167.06,60.89,"Moderate"
"ID240","Male",181.49,94,"None"
"ID241","Female",172.05,77.5,"None"
"ID242","Male",181.4,93.7,"Moderate"
"ID243","Male",175.75,65.59,"Moderate"
"ID244","Male",182.82,84.43,"Moderate"
"ID245","Female",169.12,69.26,"Moderate"
"ID246","Female",165.32,72.3,"Moderate"
"ID247","Female",168.43,65.75,"Moderate"
"ID248","Female",170.38,60.25,"Moderate"
"ID249","Female",171.05,68.47,"Moderate"
"ID250","Female",166.63,70.58,"Moderate"
"ID251","Female",174.45,61.72,"Moderate"
"ID252","Male",172.64,49.54,"None"
"ID253","Male",179.63,63.15,"None"
"ID254","Female",166.73,76.17,"Intense"
"ID255","Female",162.2,64.75,"None"
"ID256","Female",169.8,84.16,"Intense"
"ID257","Female",172.52,69.88,"Intense"
"ID258","Female",160.17,57.49,"Moderate"
"ID259","Male",182.34,87.09,"Moderate"
"ID260","Female",167.34,58.31,"Moderate"
"ID261","Female",159.67,54.38,"None"
"ID262","Male",173.88,76.73,"Moderate"
"ID263","Male",180.89,75.26,"Moderate"
"ID264","Female",163.94,59.32,"Intense"
"ID265","Male",179.66,70.66,"Intense"
"ID266","Male",177.23,62.5,"Intense"
"ID267","Female",168.45,64.5,"Moderate"
"ID268","Female",162.81,55.25,"None"
"ID269","Female",164.31,66.32,"Moderate"
"ID270","Female",162.75,55.85,"Moderate"
"ID271","Female",167.43,56.15,"Moderate"
"ID272","Male",179.12,77.44,"Moderate"
"ID273","Female",158.78,64.26,"None"
"ID274","Male",172.19,63.55,"None"
"ID275","Male",173.37,71.88,"Moderate"
"ID276","Female",170.78,60.82,"Intense"
"ID277","Female",163.38,75.75,"None"
"ID278","Male",181.76,78.83,"None"
"ID279","Male",176.43,66.3,"Moderate"
"ID280","Male",175.75,86.43,"None"
"ID281","Male",184.01,79.53,"Moderate"
"ID282","Male",176.09,61.04,"Intense"
"ID283","Male",175,70.13,"Moderate"
"ID284","Male",173.93,75.09,"None"
"ID285","Female",166.6,61.58,"None"
"ID286","Female",169.85,70.65,"Intense"
"ID287","Female",163.52,53.34,"None"
"ID288","Female",174.43,85.62,"None"
"ID289","Male",177.8,78.45,"None"
"ID290","Male",180.04,75.87,"None"
"ID291","Male",179.14,85.45,"Moderate"
"ID292","Male",177.82,55.31,"Intense"
"ID293","Female",167.17,62.35,"None"
"ID294","Female",175.7,76.53,"Moderate"
"ID295","Female",165.11,48.1,"Moderate"
"ID296","Male",186.12,88.93,"Intense"
"ID297","Male",174.96,64.38,"Intense"
"ID298","Male",180.16,87.89,"None"
"ID299","Female",166.74,79.71,"Intense"
"ID300","Male",172.53,65.97,"Moderate"
"ID301","Female",165.25,49.87,"None"
"ID302","Male",179.38,83.97,"None"
"ID303","Male",182.68,74.3,"Intense"
"ID304","Male",184.49,85.89,"None"
"ID305","Male",176.89,79.06,"Moderate"
"ID306","Female",171.37,79.33,"Moderate"
"ID307","Male",181.5,62.89,"Intense"
"ID308","Male",178.98,64.8,"Moderate"
"ID309","Male",177.9,60.12,"Moderate"
"ID310","Male",177.69,71.96,"Moderate"
"ID311","Female",166.81,83.58,"Intense"
"ID312","Male",178.25,74.36,"Moderate"
"ID313","Female",163.56,74.33,"Intense"
"ID314","Male",179.92,91.96,"Moderate"
"ID315","Male",181.01,91.52,"Moderate"
"ID316","Female",168.25,70.46,"Moderate"
"ID317","Male",177.76,58.19,"Intense"
"ID318","Male",180.55,64.94,"Intense"
"ID319","Female",169.43,58.03,"Moderate"
"ID320","Male",174.6,79.53,"Moderate"
"ID321","Female",164.29,67.08,"None"
"ID322","Female",169.87,60.78,"Moderate"
"ID323","Male",182.66,69.27,"None"
"ID324","Female",163.84,53.17,"Moderate"
"ID325","Male",177.45,75.56,"Moderate"
"ID326","Female",162.31,62.64,"Moderate"
"ID327","Male",171.32,60.51,"None"
"ID328","Male",182.53,63.09,"Moderate"
"ID329","Male",180.28,71.13,"Intense"
"ID330","Male",175.48,64.53,"Moderate"
"ID331","Female",170.17,65.04,"Intense"
"ID332","Male",181.98,80.34,"None"
"ID333","Female",168.05,54.44,"Moderate"
"ID334","Male",183.3,78.92,"None"
"ID335","Female",167.34,69.29,"Intense"
"ID336","Female",161.04,57.98,"Moderate"
"ID337","Female",169.44,49.12,"Moderate"
"ID338","Male",185.47,84.39,"None"
"ID339","Female",171.8,55.6,"Intense"
"ID340","Male",174.85,93.25,"None"
"ID341","Female",165.25,61.75,"None"
"ID342","Male",173.12,69.83,"Intense"
"ID343","Male",184.47,67.98,"Intense"
"ID344","Male",179.99,65.38,"None"
"ID345","Female",166.42,76.75,"Moderate"
"ID346","Male",180.54,77.73,"Intense"
"ID347","Male",173.73,69.73,"Moderate"
"ID348","Female",165.65,68.24,"Intense"
"ID349","Male",173.92,72.44,"Moderate"
"ID350","Male",177.09,69.39,"None"
"ID351","Female",164.38,55.12,"Moderate"
"ID352","Male",175.68,67.56,"Moderate"
"ID353","Male",182.13,93.78,"None"
"ID354","Female",168.74,64.62,"Moderate"
"ID355","Male",176.3,71.89,"Moderate"
"ID356","Female",170.42,62.16,"Intense"
"ID357","Female",171.37,62.54,"Moderate"
"ID358","Female",160.43,60.08,"None"
"ID359","Male",181.03,79.35,"None"
"ID360","Female",166.34,75.07,"Moderate"
"ID361","Male",180.62,82.83,"Intense"
"ID362","Female",166.63,58.17,"Intense"
"ID363","Male",176.99,61.16,"None"
"ID364","Male",175.35,45.79,"Intense"
"ID365","Male",180.25,69.48,"Moderate"
"ID366","Male",174.88,69.25,"Moderate"
"ID367","Female",166.3,77,"Intense"
"ID368","Male",181.74,79.05,"Moderate"
"ID369","Male",174.83,72.99,"Moderate"
"ID370","Male",183.44,63.22,"Moderate"
"ID371","Female",162.61,55.85,"Moderate"
"ID372","Female",164.04,61.7,"Moderate"
"ID373","Female",168.52,65.37,"Moderate"
"ID374","Female",176.82,74.69,"Moderate"
"ID375","Male",172.28,77.33,"Moderate"
"ID376","Female",166.05,83.86,"Intense"
"ID377","Male",179.28,67.59,"None"
"ID378","Male",175.99,71.96,"Intense"
"ID379","Female",167.77,57.62,"Moderate"
"ID380","Female",169.53,68.23,"None"
"ID381","Female",173.58,65.88,"Moderate"
"ID382","Female",168.65,81.34,"Intense"
"ID383","Male",179.83,84.11,"Moderate"
"ID384","Male",172.58,79.03,"Intense"
"ID385","Male",180.58,69.24,"Moderate"
"ID386","Male",178.28,67.52,"Moderate"
"ID387","Male",178.04,75.55,"Moderate"
"ID388","Male",180.88,63.16,"Intense"
"ID389","Male",178.38,72.24,"Moderate"
"ID390","Male",175.74,84.9,"Moderate"
"ID391","Male",178.03,87.1,"Intense"
"ID392","Male",175.75,87.64,"Moderate"
"ID393","Female",167.7,57.93,"None"
"ID394","Female",163.83,75.22,"Moderate"
"ID395","Male",182.26,64.13,"Moderate"
"ID396","Female",168.06,66.75,"Intense"
"ID397","Male",180.64,77.53,"None"
"ID398","Female",165.73,54.9,"Intense"
"ID399","Female",169.34,66.44,"None"
"ID400","Female",168.29,74.05,"None"
"ID401","Male",186.27,81.53,"Moderate"
"ID402","Male",173.88,81.06,"Moderate"
"ID403","Male",177.51,86.03,"Intense"
"ID404","Male",178.7,72.7,"None"
"ID405","Male",180.21,77.87,"Intense"
"ID406","Male",174.96,72.65,"Moderate"
"ID407","Female",162.35,59.82,"Intense"
"ID408","Female",167.76,49.35,"Moderate"
"ID409","Male",177.12,68.72,"None"
"ID410","Female",166.17,58.25,"Moderate"
"ID411","Male",177.05,87.46,"None"
"ID412","Male",179.7,79.39,"Moderate"
"ID413","Female",170.92,89.04,"None"
"ID414","Female",172.07,74.35,"Moderate"
"ID415","Male",175.81,72.95,"None"
"ID416","Female",171.75,65.41,"Moderate"
"ID417","Male",172.59,61.02,"Moderate"
"ID418","Male",183.14,81.41,"Intense"
"ID419","Male",186.39,85.27,"None"
"ID420","Female",164.99,46.15,"Intense"
"ID421","Male",180.58,55.07,"Moderate"
"ID422","Female",162.97,71.12,"Moderate"
"ID423","Female",169.65,65.13,"None"
"ID424","Male",177.53,76.96,"Moderate"
"ID425","Male",181.76,79.95,"None"
"ID426","Female",167.92,48.68,"Intense"
"ID427","Male",173.24,74.21,"Intense"
"ID428","Female",162.38,50.58,"None"
"ID429","Female",168.99,55.97,"Intense"
"ID430","Female",164.23,63.41,"Intense"
"ID431","Male",181.03,79.83,"Moderate"
"ID432","Female",169.89,58.26,"Intense"
"ID433","Female",174.56,63.27,"Moderate"
"ID434","Male",181.24,68.42,"None"
"ID435","Male",182.2,76.23,"Intense"
"ID436","Female",173.9,68.37,"Moderate"
"ID437","Male",173.33,69.11,"Moderate"
"ID438","Male",179.8,81.03,"Moderate"
"ID439","Male",180.22,74.5,"Moderate"
"ID440","Female",174.27,62.2,"None"
"ID441","Male",174.77,67.37,"None"
"ID442","Female",164.33,57.65,"Moderate"
"ID443","Female",166.98,85.82,"Moderate"
"ID444","Female",158.74,57.88,"Moderate"
"ID445","Female",160.88,73.18,"Intense"
"ID446","Male",183.43,94.28,"None"
"ID447","Male",182.19,73.12,"None"
"ID448","Male",186.92,77.99,"Moderate"
"ID449","Male",172.12,69.17,"Intense"
"ID450","Male",173.87,58.84,"Intense"
"ID451","Male",178.66,72.07,"Moderate"
"ID452","Female",176.05,77.89,"Moderate"
"ID453","Male",178.47,63.92,"Moderate"
"ID454","Female",170.97,73.82,"Intense"
"ID455","Male",175.21,76.33,"Intense"
"ID456","Female",169.21,69.31,"Moderate"
"ID457","Male",179.75,67.34,"Intense"
"ID458","Female",164.28,64.58,"None"
"ID459","Male",173.36,82.6,"Moderate"
"ID460","Female",165.51,60.85,"Moderate"
"ID461","Female",172.56,45.3,"Moderate"
"ID462","Male",183.25,76.1,"Intense"
"ID463","Male",177.67,71.9,"Moderate"
"ID464","Female",174.1,49.24,"Moderate"
"ID465","Male",177.03,75.89,"Moderate"
"ID466","Female",167.67,60.98,"Moderate"
"ID467","Female",166.35,71.44,"Moderate"
"ID468","Male",179.7,61.03,"Moderate"
"ID469","Male",174.74,74.85,"Moderate"
"ID470","Female",168.71,63.93,"Moderate"
"ID471","Male",180.82,67.55,"Moderate"
"ID472","Female",161.55,63.68,"Moderate"
"ID473","Male",173.19,72.3,"Moderate"
"ID474","Female",171.74,71.93,"None"
"ID475","Male",175.58,85.4,"Moderate"
"ID476","Female",171.12,75.43,"Moderate"
"ID477","Female",171.8,62.96,"None"
"ID478","Female",166.88,66.13,"Moderate"
"ID479","Female",162.19,59.48,"Moderate"
"ID480","Female",171.94,43.6,"Intense"
"ID481","Male",180.75,86.6,"Moderate"
"ID482","Female",169.06,61.69,"Moderate"
"ID483","Male",178.91,73.93,"Intense"
"ID484","Female",168.73,59.2,"Moderate"
"ID485","Male",178.12,90.28,"Intense"
"ID486","Male",178.11,72.44,"Intense"
"ID487","Female",166.04,59.01,"Moderate"
"ID488","Male",169.17,57.58,"Moderate"
"ID489","Female",167.42,64.61,"Intense"
"ID490","Male",186.52,96.61,"Moderate"
"ID491","Female",173.42,63.76,"Moderate"
"ID492","Male",177.54,71.94,"Intense"
"ID493","Male",172.12,64.89,"Moderate"
"ID494","Female",169.39,67.26,"Moderate"
"ID495","Female",171.41,51.12,"Moderate"
"ID496","Female",172.05,71.84,"Intense"
"ID497","Female",164.28,49.15,"Moderate"
"ID498","Male",165.77,56.43,"Moderate"
"ID499","Male",183.8,76.48,"Intense"
"ID500","Male",180.87,81.71,"Moderate"
"ID501","Male",179.77,72.26,"Moderate"
"ID502","Male",173.44,61.97,"None"
"ID503","Female",171.18,50.6,"Moderate"
"ID504","Male",169.15,49.67,"None"
"ID505","Male",180.37,64.24,"Intense"
"ID506","Female",164.79,79.01,"Intense"
"ID507","Male",173.55,70.49,"Intense"
"ID508","Male",183.37,80.2,"Moderate"
"ID509","Female",166.17,59.82,"Moderate"
"ID510","Female",170.75,84.96,"None"
"ID511","Male",181.18,78.84,"Intense"
"ID512","Female",165.62,53.68,"Moderate"
"ID513","Female",166.37,64.74,"None"
"ID514","Female",166.48,43.22,"Moderate"
"ID515","Male",183.41,60.38,"Intense"
"ID516","Male",170.94,67.26,"Intense"
"ID517","Female",165.68,71.12,"Moderate"
"ID518","Female",162.58,66.3,"Intense"
"ID519","Male",178.84,74.51,"None"
"ID520","Female",167.55,60.51,"Moderate"
"ID521","Female",172.05,68.71,"None"
"ID522","Male",181.98,75.81,"None"
"ID523","Female",167.27,65.96,"Moderate"
"ID524","Female",162.12,53.29,"Intense"
"ID525","Male",177.08,67.03,"None"
"ID526","Female",160.42,57.12,"Moderate"
"ID527","Male",170.04,70.98,"Moderate"
"ID528","Female",163.94,49.7,"Moderate"
"ID529","Female",167.66,54.52,"Moderate"
"ID530","Female",164.85,71.06,"Moderate"
"ID531","Male",186.25,60.87,"None"
"ID532","Female",173.8,80.38,"Intense"
"ID533","Female",169.68,45.77,"None"
"ID534","Male",183.54,73.93,"None"
"ID535","Male",176.47,86.87,"Intense"
"ID536","Male",182.39,77.92,"Moderate"
"ID537","Female",169.63,68.88,"Moderate"
"ID538","Female",166.1,74.51,"None"
"ID539","Female",170.26,49.13,"Moderate"
"ID540","Male",179.03,79.58,"Intense"
"ID541","Female",163.51,57.22,"None"
"ID542","Male",178.64,86.46,"None"
"ID543","Male",177.26,68.88,"Moderate"
"ID544","Male",185.8,88.09,"Intense"
"ID545","Female",167.72,59.02,"Intense"
"ID546","Female",168.69,57.07,"Moderate"
"ID547","Female",167.85,74.64,"Intense"
"ID548","Female",172.71,74.57,"None"
"ID549","Male",186.67,86.71,"Moderate"
"ID550","Female",174.55,64.08,"Moderate"
"ID551","Female",171.41,62.35,"Moderate"
"ID552","Female",161.64,55.73,"Moderate"
"ID553","Male",181.33,74.6,"Moderate"
"ID554","Male",173.21,55.11,"Moderate"
"ID555","Female",158.4,45.29,"None"
"ID556","Male",183.46,69.63,"None"
"ID557","Male",177.89,75.87,"Moderate"
"ID558","Male",170.96,61.13,"Moderate"
"ID559","Male",175.6,80.43,"None"
"ID560","Male",180.48,88.9,"Intense"
"ID561","Male",172.38,61.82,"Intense"
"ID562","Male",170.38,60.88,"Moderate"
"ID563","Female",168.03,72.44,"Moderate"
"ID564","Female",166.19,57.3,"Intense"
"ID565","Female",175.03,78.59,"None"
"ID566","Male",170.79,84.02,"Intense"
"ID567","Male",177.43,78.19,"Moderate"
"ID568","Female",174.11,74.01,"Moderate"
"ID569","Male",180.99,72.78,"Intense"
"ID570","Male",174.29,80.16,"Moderate"
"ID571","Female",168.67,67.18,"Moderate"
"ID572","Male",176.39,74.83,"Intense"
"ID573","Female",156.31,62.88,"Intense"
"ID574","Female",158.95,64.17,"None"
"ID575","Male",181.81,87.51,"Moderate"
"ID576","Female",171.04,85.13,"None"
"ID577","Male",182.85,78.17,"Moderate"
"ID578","Male",175.28,78.46,"Moderate"
"ID579","Male",165.04,64.58,"Intense"
"ID580","Female",159.27,66.08,"Intense"
"ID581","Female",174.87,73.26,"None"
"ID582","Male",182.13,68.06,"Moderate"
"ID583","Male",168.6,57.51,"Moderate"
"ID584","Male",180.04,84.41,"Intense"
"ID585","Female",159.41,47.91,"Moderate"
"ID586","Female",169.41,70.78,"None"
"ID587","Female",168.44,64.72,"None"
"ID588","Male",172.81,76.2,"Moderate"
"ID589","Male",170.93,65.45,"None"
"ID590","Male",181.46,72.19,"None"
"ID591","Female",168.55,62.37,"Intense"
"ID592","Female",172.03,50,"Moderate"
"ID593","Female",167.01,63.68,"Moderate"
"ID594","Male",183.32,94.57,"Moderate"
"ID595","Female",172.92,70.21,"Moderate"
"ID596","Male",177.99,62.61,"None"
"ID597","Female",169.34,83.68,"Moderate"
"ID598","Female",173.17,65.89,"Intense"
"ID599","Male",186.93,94.89,"Intense"
"ID600","Male",176.73,72.83,"None"
"ID601","Male",176.82,66.37,"None"
"ID602","Female",168,64.68,"Moderate"
"ID603","Male",178.16,75.08,"None"
"ID604","Male",175.14,69.43,"Intense"
"ID605","Male",188.09,69.57,"None"
"ID606","Male",178.93,75.56,"Intense"
"ID607","Female",169.17,66.1,"None"
"ID608","Female",162.87,50.21,"Moderate"
"ID609","Female",177.54,61.18,"Moderate"
"ID610","Male",179.92,77.95,"Moderate"
"ID611","Female",165.44,75.92,"None"
"ID612","Male",175.42,86.71,"Moderate"
"ID613","Female",168.53,66.58,"Intense"
"ID614","Female",168,59.2,"None"
"ID615","Female",166.75,68,"Moderate"
"ID616","Female",163.67,51.86,"Moderate"
"ID617","Female",164.48,59.88,"Intense"
"ID618","Male",179.97,65.59,"Moderate"
"ID619","Female",172.25,75.13,"Moderate"
"ID620","Female",167.97,56.74,"Intense"
"ID621","Male",178.77,63.23,"None"
"ID622","Male",179.86,73.92,"Intense"
"ID623","Male",174.28,60.59,"Intense"
"ID624","Female",171.6,56.93,"Moderate"
"ID625","Female",167.47,70.87,"None"
"ID626","Female",164.54,76.66,"Moderate"
"ID627","Male",174.41,61.86,"Moderate"
"ID628","Female",172.94,76.54,"Moderate"
"ID629","Female",169.24,67.62,"Intense"
"ID630","Female",163.66,54.93,"Moderate"
"ID631","Female",168.24,69.51,"Moderate"
"ID632","Male",179.11,75.98,"None"
"ID633","Male",175.2,84.65,"Moderate"
"ID634","Female",168.53,58.69,"Intense"
"ID635","Male",180.79,79.42,"Moderate"
"ID636","Male",181.99,82.02,"None"
"ID637","Female",165.19,74.31,"Intense"
"ID638","Female",170.26,59.98,"Intense"
"ID639","Female",174.64,67.13,"Intense"
"ID640","Female",172.39,85.12,"Moderate"
"ID641","Female",168.43,68.08,"None"
"ID642","Female",172.5,61.25,"Moderate"
"ID643","Female",170.3,71.52,"None"
"ID644","Female",170.09,65.78,"Moderate"
"ID645","Male",174.89,83.55,"Intense"
"ID646","Female",168.72,60.97,"Moderate"
"ID647","Female",159.02,67.9,"Moderate"
"ID648","Male",178.67,100.47,"Intense"
"ID649","Female",166.78,54.33,"Intense"
"ID650","Female",170.74,81.06,"Moderate"
"ID651","Male",178.96,82.36,"Moderate"
"ID652","Male",179.41,78.28,"Intense"
"ID653","Female",166.88,71.91,"None"
"ID654","Male",170.61,82.81,"None"
"ID655","Male",175.74,69.8,"Intense"
"ID656","Female",174.92,67.17,"Moderate"
"ID657","Male",176.41,67.22,"Moderate"
"ID658","Female",159.24,52.17,"Intense"
"ID659","Male",177.96,70.77,"Moderate"
"ID660","Female",164.96,57.74,"Moderate"
"ID661","Female",163.72,57.01,"Moderate"
"ID662","Female",166.61,66.55,"None"
"ID663","Female",170.99,58.52,"Moderate"
"ID664","Female",176.15,57.67,"None"
"ID665","Male",179.21,80.42,"Moderate"
"ID666","Female",175.9,65.79,"Intense"
"ID667","Male",179.82,68.99,"Moderate"
"ID668","Female",169.2,68.67,"None"
"ID669","Female",164.55,54.56,"Intense"
"ID670","Male",183.35,96.49,"None"
"ID671","Male",174.52,76.74,"Moderate"
"ID672","Female",172.15,61.56,"Intense"
"ID673","Male",184.75,94.46,"None"
"ID674","Male",176.15,71,"None"
"ID675","Male",181.52,85.98,"None"
"ID676","Male",173.19,77.4,"Moderate"
"ID677","Female",171.01,59.24,"Moderate"
"ID678","Male",180.07,63.49,"Moderate"
"ID679","Female",165.19,48.54,"Moderate"
"ID680","Male",173.51,67.36,"Intense"
"ID681","Female",169.55,72.63,"Moderate"
"ID682","Male",184.01,80.7,"Intense"
"ID683","Female",173.96,73.41,"Moderate"
"ID684","Female",162.02,53.62,"None"
"ID685","Female",173.15,49.56,"Intense"
"ID686","Male",172.79,68.47,"Moderate"
"ID687","Female",168.14,68.79,"Moderate"
"ID688","Female",163.43,65.18,"Moderate"
"ID689","Female",166.65,65.82,"Moderate"
"ID690","Male",173.94,68.8,"Moderate"
"ID691","Female",164.02,52.87,"Intense"
"ID692","Male",177.23,86.28,"Intense"
"ID693","Male",174.36,74.36,"Moderate"
"ID694","Female",169.93,70.86,"Moderate"
"ID695","Male",177.08,74.52,"Moderate"
"ID696","Male",178.75,79.4,"None"
"ID697","Male",169.9,53.03,"None"
"ID698","Male",172.34,65.87,"Moderate"
"ID699","Male",180.96,71.18,"None"
"ID700","Male",180.04,68.7,"Moderate"
"ID701","Female",167.61,68.03,"None"
"ID702","Female",166.86,70.19,"Moderate"
"ID703","Female",165.22,70.68,"Intense"
"ID704","Female",173.49,78.54,"Moderate"
"ID705","Female",165.12,68.5,"Intense"
"ID706","Male",177.9,71.94,"Moderate"
"ID707","Male",174.08,66.83,"None"
"ID708","Male",178.16,77.43,"Moderate"
"ID709","Male",177.59,62.29,"Moderate"
"ID710","Female",165.65,64.01,"None"
"ID711","Male",174.28,51.98,"None"
"ID712","Male",180.12,95.58,"Moderate"
"ID713","Male",175.65,64,"Moderate"
"ID714","Female",167.08,67.22,"Moderate"
"ID715","Male",183.48,75.75,"Moderate"
"ID716","Male",178.87,84.97,"Intense"
"ID717","Female",170.7,68.8,"Moderate"
"ID718","Male",180.12,69.98,"Moderate"
"ID719","Male",182.07,84.1,"Moderate"
"ID720","Female",165.33,55.57,"Moderate"
"ID721","Female",166.27,79.36,"Moderate"
"ID722","Male",178.87,72.64,"Moderate"
"ID723","Female",159.46,69.34,"Moderate"
"ID724","Female",169.69,74.51,"Intense"
"ID725","Female",174.52,59.17,"Moderate"
"ID726","Female",172.96,77.66,"None"
"ID727","Female",165.26,61.58,"Moderate"
"ID728","Male",173.06,69.42,"Moderate"
"ID729","Female",169.96,77.85,"Intense"
"ID730","Male",182.03,76.53,"None"
"ID731","Male",177.49,71.86,"Intense"
"ID732","Female",168.26,47.9,"None"
"ID733","Female",166.46,69.56,"None"
"ID734","Male",179.37,57.19,"Intense"
"ID735","Male",183.82,67.68,"Intense"
"ID736","Male",174.96,73.56,"None"
"ID737","Female",166.8,65.92,"Moderate"
"ID738","Male",177.73,64.83,"Intense"
"ID739","Female",173.39,66.99,"Moderate"
"ID740","Male",175.07,91.19,"Moderate"
"ID741","Female",163.71,56.65,"None"
"ID742","Female",165.45,64.03,"Intense"
"ID743","Female",168.77,65.14,"None"
"ID744","Female",171.04,71.11,"None"
"ID745","Male",184.89,69.55,"None"
"ID746","Female",177.19,82.28,"Moderate"
"ID747","Male",175.5,82.94,"Intense"
"ID748","Female",162.31,58.98,"Intense"
"ID749","Male",180.01,85.58,"None"
"ID750","Female",167.19,71.96,"Intense"
"ID751","Male",177.72,80.57,"None"
"ID752","Male",181.08,73.54,"Moderate"
"ID753","Female",171.86,67.4,"None"
"ID754","Male",177.13,81.62,"Intense"
"ID755","Male",175.48,70.27,"None"
"ID756","Female",164.9,70.13,"Moderate"
"ID757","Female",168.63,63.99,"Intense"
"ID758","Male",173.65,88.68,"Moderate"
"ID759","Female",166.6,70.97,"Moderate"
"ID760","Male",186.55,96.94,"None"
"ID761","Male",178.25,62.78,"None"
"ID762","Male",175.17,66.84,"Moderate"
"ID763","Male",173.76,58.03,"Intense"
"ID764","Female",165.81,66.9,"None"
"ID765","Male",177.78,85.44,"None"
"ID766","Female",171.1,68.74,"None"
"ID767","Male",174.42,67.22,"Intense"
"ID768","Female",167.11,70.53,"Moderate"
"ID769","Female",168.36,63.64,"Moderate"
"ID770","Female",172.77,69.77,"Moderate"
"ID771","Female",168.57,79.83,"Intense"
"ID772","Male",174.24,52.23,"Moderate"
"ID773","Female",167.15,64.71,"Moderate"
"ID774","Male",173.96,68.36,"Moderate"
"ID775","Female",173.27,73.85,"Moderate"
"ID776","Female",163.47,53.16,"Intense"
"ID777","Male",170.04,54.21,"Intense"
"ID778","Female",167.81,64.7,"Moderate"
"ID779","Male",175.17,76.78,"None"
"ID780","Female",169.14,79.23,"None"
"ID781","Male",169.78,59.54,"Intense"
"ID782","Male",184.46,82.35,"None"
"ID783","Male",180.35,64.84,"Moderate"
"ID784","Male",174.72,63.11,"Moderate"
"ID785","Female",162.86,57.84,"Moderate"
"ID786","Male",177.04,74.08,"Moderate"
"ID787","Male",180.44,73.19,"Moderate"
"ID788","Female",173.89,70.07,"None"
"ID789","Male",180.24,67.51,"Intense"
"ID790","Male",179.01,76.67,"Intense"
"ID791","Male",173.2,86.32,"Moderate"
"ID792","Female",163.43,76.26,"Moderate"
"ID793","Male",173.33,73.93,"Intense"
"ID794","Male",184.16,84.56,"Moderate"
"ID795","Female",169.45,69.41,"None"
"ID796","Female",163.22,58.17,"Moderate"
"ID797","Female",168.02,62.19,"None"
"ID798","Male",177.81,64.54,"Intense"
"ID799","Male",175.47,90.08,"Moderate"
"ID800","Male",178.14,61.48,"None"
"ID801","Female",164.59,54.9,"None"
"ID802","Female",158.23,46.54,"Moderate"
"ID803","Male",184.77,71.17,"Intense"
"ID804","Male",182.93,77.47,"Intense"
"ID805","Female",172.25,67.48,"Intense"
"ID806","Male",175.71,85.34,"Intense"
"ID807","Female",171.16,68.57,"Moderate"
"ID808","Male",173.47,56.62,"Intense"
"ID809","Female",172.21,73.46,"Moderate"
"ID810","Male",179.54,50.88,"None"
"ID811","Male",175.26,64.53,"Intense"
"ID812","Male",179.67,65.27,"Intense"
"ID813","Female",164.01,68.39,"Moderate"
"ID814","Male",179.1,86.35,"None"
"ID815","Male",175.26,59.98,"Moderate"
"ID816","Male",180.28,58.9,"None"
"ID817","Female",165.18,58.73,"Moderate"
"ID818","Female",166.53,58.26,"Moderate"
"ID819","Male",172.65,65.15,"Intense"
"ID820","Female",161.01,67.07,"None"
"ID821","Male",183.03,70.36,"None"
"ID822","Male",177.55,81.67,"Moderate"
"ID823","Male",175.79,73.04,"Moderate"
"ID824","Male",183.19,60.69,"Moderate"
"ID825","Male",177.23,79.15,"Moderate"
"ID826","Female",167.84,58.54,"Intense"
"ID827","Female",163.06,73.7,"Intense"
"ID828","Male",180.2,88.66,"Moderate"
"ID829","Female",170.52,48.21,"Intense"
"ID830","Male",176.34,69.09,"Moderate"
"ID831","Male",169.86,74.06,"Intense"
"ID832","Male",176.19,71.4,"None"
"ID833","Female",173.03,67.82,"Moderate"
"ID834","Male",174.27,67,"Moderate"
"ID835","Female",165.66,46.41,"Moderate"
"ID836","Female",166.21,49.07,"Moderate"
"ID837","Male",181.6,83.11,"Moderate"
"ID838","Female",166,52.97,"Intense"
"ID839","Female",167.99,77.37,"None"
"ID840","Female",165.36,66.05,"Moderate"
"ID841","Female",172.72,67.9,"Moderate"
"ID842","Female",169.94,63.03,"Intense"
"ID843","Female",169.42,74.78,"Intense"
"ID844","Female",167.3,64.07,"Moderate"
"ID845","Male",174.97,70.08,"Moderate"
"ID846","Male",178.75,71.21,"Moderate"
"ID847","Male",177.66,67.18,"Moderate"
"ID848","Female",164.6,47.53,"Moderate"
"ID849","Female",166.18,62.74,"Intense"
"ID850","Male",184.2,80.86,"Intense"
"ID851","Male",177.67,63.38,"Moderate"
"ID852","Female",167.6,58.58,"Intense"
"ID853","Female",166.05,62.35,"Moderate"
"ID854","Female",168.33,77.79,"Moderate"
"ID855","Male",176.34,56.15,"None"
"ID856","Female",171,51.8,"Intense"
"ID857","Male",181.48,95.62,"Intense"
"ID858","Male",171.36,75.19,"Intense"
"ID859","Female",168.44,66.2,"Intense"
"ID860","Female",161.82,60.63,"Moderate"
"ID861","Male",179.57,63.64,"Intense"
"ID862","Male",176.9,74.68,"None"
"ID863","Male",173.12,69.12,"None"
"ID864","Female",162.13,68.7,"Moderate"
"ID865","Female",167.72,62.28,"None"
"ID866","Female",164.9,59.38,"Moderate"
"ID867","Female",166.49,71.26,"Intense"
"ID868","Female",166.78,72.63,"Moderate"
"ID869","Male",182.55,80.01,"Moderate"
"ID870","Male",182.92,90.21,"None"
"ID871","Male",180.86,78.85,"None"
"ID872","Male",182.34,77.77,"Moderate"
"ID873","Male",184.14,84.25,"None"
"ID874","Female",163.34,66.7,"None"
"ID875","Female",169.06,68.41,"Moderate"
"ID876","Male",169.4,46.74,"Moderate"
"ID877","Male",178.87,59.58,"None"
"ID878","Female",173.75,60.35,"None"
"ID879","Male",177.7,70.58,"Moderate"
"ID880","Male",173.76,76.36,"None"
"ID881","Male",175.81,62.45,"Moderate"
"ID882","Male",178.38,73.3,"Moderate"
"ID883","Male",183.48,82.26,"Intense"
"ID884","Male",179.77,81.72,"Intense"
"ID885","Female",169.44,57.71,"Intense"
"ID886","Female",175.56,69.54,"Moderate"
"ID887","Female",173.94,77.48,"Moderate"
"ID888","Female",164.44,64.65,"Moderate"
"ID889","Female",163.36,59.08,"None"
"ID890","Female",164.32,57.18,"Moderate"
"ID891","Female",175.33,80.77,"None"
"ID892","Female",171.36,67.99,"Intense"
"ID893","Female",163.06,46.69,"Moderate"
"ID894","Female",176.26,79.63,"Moderate"
"ID895","Female",170.01,59.76,"None"
"ID896","Female",176.12,61.94,"Moderate"
"ID897","Male",182.66,63.56,"None"
"ID898","Male",180.37,76.31,"Moderate"
"ID899","Male",176.71,72.46,"Moderate"
"ID900","Male",177.69,73.05,"Moderate"
"ID901","Female",166.25,57.01,"Moderate"
"ID902","Female",177.81,83.3,"Moderate"
"ID903","Male",178.73,79.63,"None"
"ID904","Male",175.37,74.06,"Moderate"
"ID905","Female",166.46,66.37,"Moderate"
"ID906","Female",170.36,73.11,"Intense"
"ID907","Male",178.13,84.29,"Moderate"
"ID908","Female",168.26,67.25,"Moderate"
"ID909","Female",169.59,43.92,"Moderate"
"ID910","Male",175.74,69.97,"None"
"ID911","Female",170.17,61.02,"Intense"
"ID912","Female",170.64,59.57,"Moderate"
"ID913","Male",184.27,71.31,"Moderate"
"ID914","Female",159.46,57.42,"Moderate"
"ID915","Male",181.33,81.77,"Intense"
"ID916","Female",168.43,57.54,"Moderate"
"ID917","Female",171.42,77.62,"Moderate"
"ID918","Male",177.85,82.27,"Moderate"
"ID919","Male",175.79,67.33,"Moderate"
"ID920","Male",172.32,58.63,"Moderate"
"ID921","Female",166.66,69.96,"Intense"
"ID922","Female",169.93,68.33,"None"
"ID923","Male",171.16,51.42,"None"
"ID924","Male",179.11,72.69,"None"
"ID925","Female",169.26,35.58,"Moderate"
"ID926","Female",164.74,49,"Moderate"
"ID927","Female",164.9,54.43,"Moderate"
"ID928","Male",178.94,78.11,"None"
"ID929","Female",166.93,57.12,"Moderate"
"ID930","Female",167.41,50.68,"Intense"
"ID931","Male",184.37,82.05,"None"
"ID932","Female",163.86,55.34,"None"
"ID933","Male",177.71,67.44,"Intense"
"ID934","Male",184.81,63.42,"Moderate"
"ID935","Male",181.74,73.12,"Moderate"
"ID936","Male",176.46,71.68,"Moderate"
"ID937","Female",167.29,58.58,"Moderate"
"ID938","Male",169.65,72.01,"Intense"
"ID939","Male",174.75,53.98,"Moderate"
"ID940","Female",168.09,66.22,"Moderate"
"ID941","Female",168.9,55.66,"Moderate"
"ID942","Male",175.77,62.99,"Moderate"
"ID943","Male",177.05,70.04,"Intense"
"ID944","Male",180.95,69.85,"Intense"
"ID945","Female",167.51,81.17,"None"
"ID946","Female",167.81,55.31,"Moderate"
"ID947","Male",172.23,69.8,"Moderate"
"ID948","Male",177.17,59.04,"Moderate"
"ID949","Male",177.09,84.93,"Moderate"
"ID950","Female",171.48,72.83,"Moderate"
"ID951","Male",178.7,55.22,"None"
"ID952","Male",183.97,90.98,"Moderate"
"ID953","Female",164.13,47.26,"None"
"ID954","Female",170.74,73.14,"Intense"
"ID955","Female",168.54,79.37,"Moderate"
"ID956","Female",169.4,66.97,"Moderate"
"ID957","Male",178.64,87.22,"Moderate"
"ID958","Male",177.33,70.54,"None"
"ID959","Female",165.37,64.59,"Moderate"
"ID960","Female",166.38,53.03,"Moderate"
"ID961","Female",166.25,72.68,"Intense"
"ID962","Male",184.94,78.52,"Intense"
"ID963","Male",186.28,71.23,"Moderate"
"ID964","Male",183.93,59.84,"Moderate"
"ID965","Female",163.64,48.01,"Moderate"
"ID966","Female",172.13,64.26,"Moderate"
"ID967","Female",170.43,73.19,"Moderate"
"ID968","Male",176.67,64.79,"Intense"
"ID969","Female",164.39,74.4,"None"
"ID970","Female",168.6,71.55,"Intense"
"ID971","Female",170.96,76.99,"Moderate"
"ID972","Male",184.79,82.32,"Intense"
"ID973","Male",175.5,58.64,"Intense"
"ID974","Female",167.35,67.57,"Moderate"
"ID975","Male",173.89,73.18,"None"
"ID976","Male",178.41,67.21,"None"
"ID977","Female",165.47,51.98,"Moderate"
"ID978","Female",164.42,58.15,"Intense"
"ID979","Male",183.8,66.26,"None"
"ID980","Female",176.14,76.02,"None"
"ID981","Female",180.01,54.79,"Intense"
"ID982","Male",182.33,88.91,"Moderate"
"ID983","Female",165.99,67.03,"Moderate"
"ID984","Male",178.1,68.81,"None"
"ID985","Female",169.8,64.27,"Moderate"
"ID986","Male",177.39,86.03,"None"
"ID987","Female",173.24,58.88,"Moderate"
"ID988","Female",171.05,71.16,"None"
"ID989","Female",164.1,60.94,"Moderate"
"ID990","Male",179.43,67.12,"None"
"ID991","Male",166.61,79.5,"None"
"ID992","Female",168.78,68.8,"Intense"
"ID993","Female",170.35,69.47,"Intense"
"ID994","Female",164.55,73.79,"Moderate"
"ID995","Male",173.63,57.75,"Moderate"
"ID996","Female",169.13,58.92,"Moderate"
"ID997","Female",166.39,68.92,"Moderate"
"ID998","Male",178.7,75.82,"Intense"
"ID999","Male",179.32,66.92,"Intense"
"ID1000","Female",165.29,58.22,"None"
